supplier_id,name,capacity_kg,ordered_kg,utilization_pct
SUP_001,Tho Quang Seafood 1,2731.99,0.0,0.0
SUP_002,Hoa Vang Vegetables 2,1558.08,64.2,4.120455945779422
SUP_003,Hoa Khanh Meat 3,1216.47,42.57,3.4994697773064685
SUP_004,Lien Chieu Farm 4,1145.46,78.675,6.868419674192028
SUP_005,Nam O Fishing Port 5,2102.36,54.99,2.6156319564679693
SUP_006,My Khe Fishing Cooperative 6,1375.29,25.33,1.8417933672170959
SUP_007,Cam Le Livestock 7,1019.8,64.99499999999999,6.373308491861149
SUP_008,Ngu Hanh Son Wholesale 8,943.02,13.68,1.4506585226188204
