product_id,hhi,total_ordered
PROD_001,0.3600000000000001,79.0
PROD_002,0.3600000000000001,83.0
PROD_003,0.3600000000000001,72.0
PROD_004,0.5,68.8
PROD_005,0.5,121.6
PROD_006,0.5829903978052127,27.0
PROD_007,0.35999999999999993,87.0
PROD_008,0.35999999999999993,73.0
PROD_009,0.35999999999999993,123.00000000000001
PROD_010,0.5008,25.0
