product_id,hhi,total_ordered
PROD_001,0.28,79.0
PROD_002,0.265,83.0
PROD_003,0.2800000000000001,72.0
PROD_004,0.5,51.6
PROD_005,0.3333333333333333,136.8
PROD_006,0.5,71.4
PROD_007,0.2615219976218787,87.0
PROD_008,0.28,73.0
PROD_009,0.265,123.0
PROD_010,0.33333333333333337,65.69999999999999
