supplier_id,name,capacity_kg,ordered_kg,utilization_pct
SUP_001,Tho Quang Seafood 1,2731.99,34.28,1.2547630115776414
SUP_002,Hoa Vang Vegetables 2,1558.08,76.46000000000001,4.907321831998358
SUP_003,Hoa Khanh Meat 3,1216.47,80.92,6.6520341644265795
SUP_004,Lien Chieu Farm 4,1145.46,79.6,6.949173257905121
SUP_005,Nam O Fishing Port 5,2102.36,33.580000000000005,1.5972526113510532
SUP_006,Da Nang Wholesale Market,900.0,0.0,0.0
