metric,value
expected_cost,3691403493.7673154
std_dev,2306113112.169465
cv_pct,62.47252883796585
var_95,5283359948.894701
cvar_95,10159802873.717815
cvar_premium,6468399379.9505005
cvar_premium_pct,175.22872779613377
lambda,0.3
alpha,0.9
risk_adjusted_obj,5631923307.752465
n_tail_scenarios,1.0
tail_prob_mass,0.09480552712384853
best_case,2710442826.845142
worst_case,10426987195.9146
