metric,value
expected_cost,164467205.53522283
std_dev,153192001.3616643
cv_pct,93.14440581825062
var_95,191598729.8099469
cvar_95,608671322.5070164
cvar_premium,444204116.9717936
cvar_premium_pct,270.0867419290233
lambda,0.3
alpha,0.9
risk_adjusted_obj,297728440.6267609
n_tail_scenarios,1.0
tail_prob_mass,0.09480552712384853
best_case,106431877.14827973
worst_case,631523073.2
