scenario_name,severity_level,probability,stage1_cost,emergency_cost,spoilage_cost,penalty_cost,total_cost_k
Normal Monsoon Day,1,0.40399652476107734,2281409777.0,45140621.04,0.0,281955990.25,2608506388.29
Light Rain,2,0.3801042571676802,2281409777.0,42764798.88,0.0,287895545.65000004,2612070121.53
Heavy Rain,4,0.10860121633362295,2281409777.0,618308005.32,1762500901.798,8640827655.95,13303046340.068
Tropical Storm/Typhoon (data-driven),5,0.10729800173761947,2281409777.0,0.0,3587773385.76,20578238503.2,26447421665.96
