scenario_name,severity_level,probability,stage1_cost,emergency_cost,spoilage_cost,penalty_cost,total_cost_k
Normal Monsoon Day,1,0.20532915360501572,2292887788.0,63355257.6,0.0,162880352.65,2519123398.25
Normal Monsoon Day,1,0.18965517241379312,2292887788.0,63355257.6,0.0,162880352.65,2519123398.25
Light Rain,2,0.2006269592476489,2292887788.0,63355257.6,0.0,162880352.65,2519123398.25
Light Rain,2,0.13009404388714735,2292887788.0,63355257.6,0.0,162880352.65,2519123398.25
Light Rain,2,0.06112852664576803,2292887788.0,63355257.6,0.0,162880352.65,2519123398.25
Moderate Rain,3,0.10031347962382445,2292887788.0,63355257.6,0.0,162880352.65,2519123398.25
Heavy Rain,4,0.018808777429467086,2292887788.0,1374017789.6000001,1378286040.54,4323534105.15,9368725723.29
Tropical Storm/Typhoon (data-driven),5,0.09404388714733544,2292887788.0,0.0,1823043607.7,10368757308.55,14484688704.25
