scenario_name,severity_level,probability,stage1_cost,vrp_fixed_cost,vrp_variable_cost,vrp_cost,emergency_cost,spoilage_cost,penalty_cost,total_cost,n_operable_vehicles,n_refrigerated_active
Normal Monsoon Day,1,0.3,2613964944.2173,150000.0,156715.01930064423,306715.0193006442,94604886.0,1831787.4851271482,0.0,2710708332.7217274,8,0
Light Rain,2,0.25,2613964944.2173,150000.0,163139.96979454017,313139.9697945402,94604886.0,1542835.1796633685,0.0,2710425805.366758,8,0
Moderate Rain,3,0.2,2613964944.2173,300000.0,312278.2452434393,612278.2452434392,94604886.0,4780786.424347625,0.0,2713962894.886891,8,0
Heavy Rain,4,0.15,2613964944.2173,400000.0,381762.6117626121,781762.6117626121,635829586.4000001,478915403.1299942,1547593347.4618502,5277085043.820908,4,0
Tropical Storm/Typhoon,5,0.1,2613964944.2173,0.0,0.0,0.0,0.0,630200371.2973,7182821880.4,10426987195.9146,0,0
