scenario_name,severity_level,probability,stage1_cost,vrp_fixed_cost,vrp_variable_cost,vrp_cost,emergency_cost,spoilage_cost,penalty_cost,total_cost,n_operable_vehicles,n_refrigerated_active
Normal Monsoon Day,1,0.20532915360501572,2620183142.5085998,150000.0,175073.72500679072,325073.7250067907,69697587.41946,4812013.207826325,0.0,2695017816.8608923,8,0
Normal Monsoon Day,1,0.18965517241379312,2620183142.5085998,150000.0,180815.74055219284,330815.74055219284,69697587.41946,4464483.070330573,0.0,2694676028.7389426,8,0
Light Rain,2,0.2006269592476489,2620183142.5085998,150000.0,132218.87974224484,282218.87974224484,69697587.41946,2048040.1743435478,0.0,2692210988.9821453,8,0
Light Rain,2,0.13009404388714735,2620183142.5085998,150000.0,168915.6530934021,318915.6530934021,69697587.41946,4535086.87657405,0.0,2694734732.457727,8,0
Light Rain,2,0.06112852664576803,2620183142.5085998,150000.0,151936.31649086167,301936.3164908617,69697587.41946,4535086.87657405,0.0,2694717753.1211243,8,0
Moderate Rain,3,0.10031347962382445,2620183142.5085998,550000.0,542935.7510702256,1092935.7510702256,69697587.41946,5950928.131497347,0.0,2696924593.810627,8,0
Heavy Rain,4,0.018808777429467086,2620183142.5085998,400000.0,382686.62828299135,782686.6282829914,519743220.96000004,475227960.7882726,1840703673.9,5456640684.785155,4,0
Tropical Storm/Typhoon (data-driven),5,0.09404388714733544,2620183142.5085998,0.0,0.0,0.0,0.0,641813083.5086,7222866150.0,10484862376.0172,0,0
