scenario_name,severity_level,probability,stage1_cost,vrp_fixed_cost,vrp_variable_cost,vrp_cost,emergency_cost,spoilage_cost,penalty_cost,total_cost,n_operable_vehicles,n_refrigerated_active
Normal Monsoon Day,1,0.40399652476107734,2613964944.2173,300000.0,332981.6000510053,632981.6000510054,94604886.0,5888014.256721329,0.0,2715090826.0740724,8,0
Light Rain,2,0.3801042571676802,2613964944.2173,150000.0,132218.87974224484,282218.87974224484,94604886.0,2048040.1743435478,0.0,2710900089.2713857,8,0
Heavy Rain,4,0.10860121633362295,2613964944.2173,400000.0,377859.8092206464,777859.8092206464,635829586.4000001,474595655.1719058,1547593347.4618502,5272761393.060277,4,0
Tropical Storm/Typhoon (data-driven),5,0.10729800173761947,2613964944.2173,0.0,0.0,0.0,0.0,630200371.2973,7182821880.4,10426987195.9146,0,0
