scenario_name,severity_level,probability,stage1_cost,proc_vrp_cost,dist_vrp_cost,vrp_cost,spoilage_cost,emergency_cost,penalty_cost,total_cost,n_operable_vehicles
Normal Monsoon Day,1,0.6231155778894473,90103108.9,1817150.405518383,4611467.720902951,6428618.126421334,354747.1097285117,0.0,5402939.0,102289413.13614985,8
Heavy Rain (data-driven),4,0.22613065326633164,90103108.9,164679.72398867834,2110471.331651014,2275151.055639692,31356614.442085337,0.0,7060905.0,130795779.39772505,4
Tropical Storm/Typhoon (data-driven),5,0.15075376884422112,90103108.9,0.0,0.0,0.0,92171092.98632553,0.0,52383069.75,234657271.63632554,0
