scenario_name,severity_level,probability,stage1_cost,proc_vrp_cost,dist_vrp_cost,vrp_cost,spoilage_cost,emergency_cost,penalty_cost,total_cost,n_operable_vehicles
Normal Monsoon Day,1,0.5381,73367465.0,464852.25748038833,418686.02949677984,883538.2869771682,133528.2168255692,0.0,4610916.0,78995447.50380273,8
Light Rain,2,0.3181,73367465.0,491691.96554617526,432959.13249390543,924651.0980400806,380828.3348041151,0.0,5136997.499999996,79809941.93284419,8
Moderate Rain,3,0.1089,73367465.0,497247.8872955297,426198.57051444455,923446.4578099742,199527.73723935892,0.0,3066840.0000000005,77557279.19504933,8
Heavy Rain,4,0.0283,73367465.0,78912.23148476379,429775.9836680529,508688.2151528167,52936314.47799092,0.0,72175749.75,198988217.44314376,4
Tropical Storm/Typhoon,5,0.0065,73367465.0,0.0,0.0,0.0,125820333.13861778,0.0,52383069.75,251570867.88861778,0
