scenario_name,severity_level,probability,stage1_cost,proc_vrp_cost,dist_vrp_cost,vrp_cost,spoilage_cost,emergency_cost,penalty_cost,total_cost,n_operable_vehicles
Normal Monsoon Day,1,0.24645161290322584,58067038.8,0.0,280817.5349852638,280817.5349852638,0.0,62509739.2,234411522.0,355269117.5349853,8
Normal Monsoon Day,1,0.2335483870967742,58067038.8,0.0,280817.5349852638,280817.5349852638,0.0,62509739.2,234411522.0,355269117.5349853,8
Moderate Rain,3,0.22967741935483868,58067038.8,0.0,284220.80082364636,284220.80082364636,0.0,62509739.2,269573250.3,390434249.10082364,8
Heavy Rain (data-driven),4,0.17419354838709675,58067038.8,0.0,678023.577574323,678023.577574323,33234728.4,62509739.2,304734978.6,459224508.5775744,4
Tropical Storm/Typhoon (data-driven),5,0.11612903225806452,58067038.8,0.0,0.0,0.0,51765184.8,0.0,781371740.0,891203963.6,0
