scenario_name,severity_level,probability,stage1_cost,proc_vrp_cost,dist_vrp_cost,vrp_cost,spoilage_cost,emergency_cost,penalty_cost,total_cost,n_operable_vehicles
Normal Monsoon Day,1,0.5381,62796347.3,1845438.5923280274,1703924.738993092,3549363.3313211193,0.0,0.0,10948288.700000001,77293999.33132112,8
Light Rain,2,0.3181,62796347.3,1898936.4700687062,1738352.9303418933,3637289.4004105995,0.0,0.0,7250576.8149999995,73684213.5154106,8
Moderate Rain,3,0.1089,62796347.3,1824072.0930675226,1851412.2680973317,3675484.3611648544,0.0,0.0,2368576.62,68840408.28116485,8
Heavy Rain,4,0.0283,62796347.3,437972.7087520278,1779467.2786166877,2217439.987368716,42857768.98358736,0.0,76261403.265,184132959.53595608,4
Tropical Storm/Typhoon,5,0.0065,62796347.3,0.0,0.0,0.0,89335813.22742064,0.0,38353522.905,190485683.43242064,0
