scenario_name,severity_level,probability,stage1_cost,proc_vrp_cost,dist_vrp_cost,vrp_cost,spoilage_cost,emergency_cost,penalty_cost,total_cost,n_operable_vehicles
Normal Monsoon Day,1,0.5381,74246872.4,871912.3777165886,557017.2003031621,1428929.5780197508,997084.5908302164,0.0,2247060.0000000005,78919946.56884998,8
Light Rain,2,0.3181,74246872.4,411686.9614107647,1182055.4027516758,1593742.3641624406,1026983.5847799889,0.0,1685295.0,78552893.34894243,8
Moderate Rain,3,0.1089,74246872.4,815411.610127263,930162.6261053316,1745574.2362325946,633639.4750124099,0.0,0.0,76626086.11124502,8
Heavy Rain,4,0.0283,74246872.4,78912.23148476379,1998022.6820694199,2076934.9135541837,53473374.3075138,0.0,72175749.75,201972931.371068,4
Tropical Storm/Typhoon,5,0.0065,74246872.4,0.0,0.0,0.0,126216382.75469525,0.0,52383069.75,252846324.90469527,0
