scenario_name,severity_level,probability,stage1_cost,proc_vrp_cost,dist_vrp_cost,vrp_cost,spoilage_cost,emergency_cost,penalty_cost,total_cost,n_operable_vehicles
Normal Monsoon Day,1,0.6231155778894473,108400395.0,811867.1122458332,2533682.9681236558,3345550.080369489,0.0,0.0,0.0,111745945.08036949,8
Heavy Rain (data-driven),4,0.22613065326633164,108400395.0,514679.7239886783,826618.2744300484,1341297.9984187267,20828512.8,0.0,220881728.0,351451933.79841876,4
Tropical Storm/Typhoon (data-driven),5,0.15075376884422112,108400395.0,0.0,0.0,0.0,45289988.800000004,0.0,781371740.0,935062123.8,0
