scenario_name,severity_level,probability,opt_k,solve_time
Normal Monsoon Day,1,0.3,2345367384.5151734,0.7860491275787354
Light Rain,2,0.25,2342463324.1290646,0.8214223384857178
Moderate Rain,3,0.2,2346332983.5531178,0.9034655094146729
Heavy Rain,4,0.15,4333056401.860863,0.7633748054504395
Tropical Storm/Typhoon,5,0.1,9943963908.68,0.10872220993041992
