scenario_name,severity_level,probability,opt_k,solve_time
Normal Monsoon Day,1,0.3,2340889804.83915,1.4625425338745117
Light Rain,2,0.25,2340903647.0630407,1.1230099201202393
Moderate Rain,3,0.2,2340900262.459003,1.0509274005889893
Heavy Rain,4,0.15,4319692612.995048,0.5407979488372803
Tropical Storm/Typhoon,5,0.1,9944275521.225597,0.793952226638794
