scenario_name,severity_level,probability,opt_k,solve_time
Normal Monsoon Day,1,0.40399652476107734,2345367384.5151734,0.854356050491333
Light Rain,2,0.3801042571676802,2342463324.1290646,0.8361880779266357
Heavy Rain,4,0.10860121633362295,4333056401.860863,0.7875778675079346
Tropical Storm/Typhoon (data-driven),5,0.10729800173761947,9943963908.68,0.11545276641845703
