scenario_name,severity_level,probability,opt_k,solve_time
Normal Monsoon Day,1,0.20532915360501572,2345367384.5151734,1.0995995998382568
Normal Monsoon Day,1,0.18965517241379312,2345367384.5151734,0.9885709285736084
Light Rain,2,0.2006269592476489,2342463324.1290646,0.9208941459655762
Light Rain,2,0.13009404388714735,2342463324.1290646,1.0215537548065186
Light Rain,2,0.06112852664576803,2342463324.1290646,0.8571615219116211
Moderate Rain,3,0.10031347962382445,2346332983.5531178,0.9749391078948975
Heavy Rain,4,0.018808777429467086,4333056401.860863,0.8681290149688721
Tropical Storm/Typhoon (data-driven),5,0.09404388714733544,9943963908.68,0.13300776481628418
